t,E,relE,a_kakakiko,e_kakakiko,i_kakakiko,a_shudder,e_shudder,i_shudder,a_der,e_der,i_der,phi1,phi2,sep_sh_der,r_sh,r_der,hill_kak,minsep_shudder_der
0.0,-6.889294555243865e-05,0.0,0.7099999999999996,0.03959999999999974,0.0,0.0016801470588235455,0.2000000000000044,0.0,0.0026737967914437955,0.029999999999990357,0.0,0.0,0.0,0.0012494652406416784,0.001344117647058829,0.0025935828877005074,0.00783104324200281,0.0012494652406416784
0.10109303287213726,-6.889294555243866e-05,1.967186487294718e-16,0.7099268094735102,0.04042274367222504,0.0,0.0016512911244559794,0.2192337790921396,0.0,0.0027400253526134247,0.05531666533282503,0.0,0.031608374006942164,-0.0850837279001837,0.0036134380599210066,0.0017949441086140044,0.0028288231517308547,0.007830235976963593,0.0012494652406416784
0.2028532393475078,-6.889294555243861e-05,5.901559461884154e-16,0.7099460163589717,0.04074535590196749,0.0,0.001659291453783717,0.2153077699627121,0.0,0.0027005129265111915,0.09417438111236294,0.0,-0.25697280531214073,-1.0585791712344346,0.0034016121520337797,0.001974465114430629,0.0029422682989031683,0.007830447821964428,0.001305658981752655
0.30362080585987866,-6.889294555243868e-05,3.934372974589436e-16,0.7104281376433286,0.03984874648337633,0.0,0.0016731707888431105,0.16271883504031917,0.0,0.002644539956658523,0.10619798883477548,0.0,0.03593176297888068,-1.71159454683246,0.001720832330473961,0.0014488807585554702,0.002647274110520005,0.007835765445380892,0.0012840654870680142
0.40438175066997617,-6.889294555243864e-05,1.967186487294718e-16,0.7108869093505747,0.04006806870969692,0.0,0.0016795359784267153,0.18658099013067275,0.0,0.0026891899534587167,0.07949445413107667,0.0,0.40480696559014806,-1.8921815389053593,0.003194280103769349,0.0018244437696629432,0.002476775833998439,0.007840825531405754,0.0013366928188748319
0.5044340201700045,-6.88929455524387e-05,7.868745949178872e-16,0.710785043407209,0.04058019395017343,0.0,0.0016763194049167769,0.20052459141295742,0.0,0.0027037797951321224,0.07304553098750032,0.0,0.6434606044923461,-1.6384272473994477,0.004259232432750025,0.0018061969992994083,0.0028092996580339025,0.00783970198688831,0.0014462484159816884
0.6046463303015616,-6.889294555243866e-05,1.967186487294718e-16,0.7108150511233305,0.040615130295637375,0.0,0.0016583700563726524,0.23376818971312213,0.0,0.0026858746096262978,0.099550586842084,0.0,0.5610626320968848,-2.332384962052826,0.00192371966379451,0.0012944118559656984,0.0029362814338375278,0.007840032961145412,0.0014548894971227468
0.706027922944226,-6.889294555243869e-05,5.901559461884154e-16,0.710136954367327,0.03982777020517898,0.0,0.0016754098540034221,0.2555795703020085,0.0,0.0026150214842181577,0.112277164560501,0.0,0.24154910907298888,2.998539897538098,0.003617050988973074,0.002057971993023971,0.002640047520600919,0.007832553799147489,0.0016359038716662615
0.8063971573094568,-6.88929455524387e-05,7.868745949178872e-16,0.7099920838522054,0.040333701531131756,0.0,0.0016680235376305224,0.2318909660650646,0.0,0.0026901703532907577,0.1008476592197425,0.0,0.07610743961285138,2.368288747031495,0.0034826636793126317,0.0016516044095622585,0.002423314877350877,0.007830955929755362,0.0016453715229638442
0.9072520270318843,-6.889294555243866e-05,1.967186487294718e-16,0.7097948111379175,0.040969704146716114,0.0,0.0016534802691574113,0.25052696982723205,0.0,0.0027297004945630193,0.09144898725682782,0.0,-0.35920342707274067,1.411075567595395,0.0017166796347630596,0.0013152796155001835,0.002698616776735088,0.007828780083056694,0.0016092505739176248
1.0092159694150784,-6.889294555243869e-05,5.901559461884154e-16,0.7103988434255312,0.039957885683362525,0.0,0.0016670713677445798,0.2485016122605847,0.0,0.0026123103146874055,0.11479094528714053,0.0,-0.9099204461871242,1.0892663006584886,0.004383044198675117,0.002015552687794939,0.002899390846397471,0.007835442340752282,0.001369122785644033
1.110524185406802,-6.889294555243866e-05,1.967186487294718e-16,0.7106120400636983,0.039942915060986496,0.0,0.0016647524807087523,0.19457229129570713,0.0,0.002654741927439213,0.13552079782583973,0.0,-1.089618191213141,0.6961801197063613,0.0024193418678399975,0.0017424825017083798,0.002529601727520118,0.007837793822572756,0.0014091282298179955
1.210901173493663,-6.889294555243862e-05,3.934372974589436e-16,0.711101739048896,0.04104289668862099,0.0,0.0017196478197206364,0.1827839382723541,0.0,0.0027074666916557474,0.14023979000401876,0.0,-0.0586389237668552,0.7861859114803726,0.0017603353029980548,0.001550313163991213,0.002366058097036982,0.007843195025289162,0.001142102712507398
1.3138270993925236,-6.889294555243869e-05,5.901559461884154e-16,0.7104185582361837,0.04002693871232324,0.0,0.0016828343701098666,0.232899017036432,0.0,0.002612500510472116,0.10072089861370234,0.0,0.9997706579430883,1.407547005965517,0.0022259719441029787,0.0020656489272548478,0.002808746097388745,0.007835659787984294,0.0011271892287217824
1.4142527175242028,-6.889294555243868e-05,3.934372974589436e-16,0.7102348036148192,0.04001737978043966,0.0,0.0016444674420948348,0.2627616496870247,0.0,0.0026230795625740043,0.1031713177942249,0.0,1.1003047096867125,1.0681783753579133,0.0041249251799227804,0.0013471012975453307,0.0028196665979318965,0.007833633040962006,0.001098374507011922
1.5147223733882393,-6.889294555243868e-05,3.934372974589436e-16,0.7098129452601357,0.04064376659756385,0.0,0.0016023944613360822,0.3498244845221698,0.0,0.0027564914021850537,0.12126646073779189,0.0,-0.16391620115178362,-0.23048545632595108,0.002071054998796022,0.001490642998578599,0.0025106214425313932,0.007828980095866899,0.0010924396161780768
1.6157501168509028,-6.889294555243866e-05,1.967186487294718e-16,0.7100341843004835,0.040565424031746476,0.0,0.001673717859826819,0.27968607655312033,0.0,0.0026716717120281257,0.12013083910919113,0.0,-1.32212124675375,-1.7240997218483356,0.003951728177643852,0.0021323549807331175,0.002429394956518139,0.007831420282475044,0.0013053512855000099
1.7157851734816283,-6.889294555243872e-05,9.83593243647359e-16,0.7102531930043365,0.04004678659008764,0.0,0.0017272782690231343,0.17806683568827122,0.0,0.0025704950088382746,0.11236858587286899,0.0,-0.8234187211957575,-1.6367634613057023,0.0039572359842079945,0.001497537980506071,0.0027639043245711974,0.007833835869278211,0.0012383945845170282
1.8163796181474552,-6.889294555243865e-05,0.0,0.7106929330041806,0.04016106435521969,0.0,0.0017382799072645685,0.19797018766815608,0.0,0.002648791509509255,0.06507255148109871,0.0,0.616218549826673,-0.6192166651437816,0.0035654913162167555,0.002036475649335426,0.0027555184647547965,0.007838686042452882,0.0010410319803745049
1.9163888330435324,-6.889294555243872e-05,9.83593243647359e-16,0.7111105479396074,0.04111086149281674,0.0,0.0017410870539654654,0.24003877740890667,0.0,0.002721352243258282,0.09411356979275981,0.0,1.3902712314181418,0.3782555962076941,0.0011428844242835673,0.0013836211108840745,0.0024670115619755983,0.00784329218416814,0.0011214753745754523
2.017585816315446,-6.889294555243866e-05,1.967186487294718e-16,0.7104158585402541,0.039976400784192435,0.0,0.001611861643754124,0.3147317297021273,0.0,0.002654552454284474,0.1318822972802442,0.0,0.682268259350419,-1.2785259225796857,0.002811597142745748,0.0014175310091818713,0.0025281655453187456,0.007835630011314484,0.0008405782563483905
2.11993914215854,-6.88929455524387e-05,7.868745949178872e-16,0.7102454165151015,0.03990607135294774,0.0,0.0016043691423470274,0.3689270761409361,0.0,0.0026817538996192765,0.13650592275648687,0.0,-0.7359598428530649,2.8967454331645346,0.003257774967405576,0.0020599350127473073,0.0029154009948658866,0.007833750097414167,0.001686298609789348
2.221713444092069,-6.889294555243864e-05,1.967186487294718e-16,0.7099876718416962,0.040623902239548225,0.0,0.0016827798468733285,0.295715344647346,0.0,0.0026886447954857736,0.10210910200649273,0.0,-1.8399104012329435,1.50775237874561,0.00473868137628016,0.0020573335526261655,0.0029452032272207444,0.007830907266874966,0.001806280351730956
2.3221393791640677,-6.889294555243868e-05,3.934372974589436e-16,0.7100797363154925,0.0404348295224434,0.0,0.0018046146016722927,0.1636319781445061,0.0,0.002600631311564279,0.0642488190568949,0.0,-0.6182437255281421,2.707643346619413,0.004067982163033937,0.0016869172430155517,0.0024696758468088836,0.007831922704727573,0.0014238501330000417
2.423060009606377,-6.88929455524387e-05,7.868745949178872e-16,0.7105094399306244,0.0399230112348145,0.0,0.0017940196681378903,0.21211510290217864,0.0,0.0025632524655845265,0.08378289548718455,0.0,1.5731073470890138,-1.5635560749716824,0.004472356111295076,0.0019244671482117723,0.0025983270781732904,0.007836662180208339,0.0012409266503820983
2.5234390539108658,-6.88929455524387e-05,7.868745949178872e-16,0.7107447629213802,0.040386465722355235,0.0,0.0016031790549800673,0.3334791366816894,0.0,0.0028009019544830353,0.10677844605975653,0.0,1.6381668707234738,-1.748095577181994,0.004464716342480503,0.0017837767639554772,0.003093737596369125,0.007839257707696291,0.0003271107047449763
2.6249837063434103,-6.889294555243866e-05,1.967186487294718e-16,0.7107970903444967,0.040657273842302444,0.0,0.0015824581000820214,0.3049438405187327,0.0,0.002817986718517224,0.08038714652386426,0.0,-0.3317828274558501,1.7449192684826809,0.0040738827610711775,0.002024103038537212,0.0030092205050247806,0.007839834860250047,0.0018792606702256662
2.726302688253074,-6.889294555243868e-05,3.934372974589436e-16,0.7108322304121888,0.04019464812258405,0.0,0.0016483726400804853,0.2871206582355184,0.0,0.0027162256103209596,0.04165206719423443,0.0,-1.8623411651411423,-0.10499593893391435,0.0015713618895646516,0.002051424663986115,0.0026683109293210872,0.007840222442488954,0.0007967217729144147
2.827069009081009,-6.889294555243866e-05,1.967186487294718e-16,0.7100839051898429,0.04003028116922194,0.0,0.00177648134163102,0.1787033358702459,0.0,0.002615260528375035,0.015051816429609996,0.0,-0.8443917191830854,0.735025773186675,0.0010864642946472535,0.0015289423928754604,0.002590378894201522,0.007831968685904064,0.0006933145132104177
2.929640580649426,-6.889294555243866e-05,1.967186487294718e-16,0.7098398540804518,0.0408967326685905,0.0,0.0017129291735642853,0.18738179265725255,0.0,0.0027145107166698158,0.03732935457872562,0.0,1.0731810630390104,1.463421161946017,0.0022786834616592344,0.0020274069817833493,0.0027894536965947674,0.007829276890423923,0.0010864642946472533
3.029732682724302,-6.889294555243872e-05,9.83593243647359e-16,0.7102984731552276,0.04008291576878072,0.0,0.0016549572464627305,0.31008982416255754,0.0,0.0026445819329469177,0.079990320271087,0.0,1.4785320275531397,1.2008365996490085,0.0037854033863926,0.0011418781134352094,0.002837581913424351,0.007834335292967834,0.001178347897490987
3.1303293447632288,-6.889294555243868e-05,3.934372974589436e-16,0.7103343406501794,0.03983552829963455,0.0,0.0016060146297012705,0.3422954158850966,0.0,0.0026651060098574863,0.08122208878899531,0.0,0.2854742003866022,-0.5371076169931381,0.0031802017328775053,0.001937789850488688,0.002700040667988215,0.007834730898466355,0.0011271435676060435
3.2325802044751275,-6.889294555243868e-05,3.934372974589436e-16,0.7108389014761914,0.04064020731529245,0.0,0.0016177709590927034,0.2885175699913582,0.0,0.0027162137305658572,0.06353255148175316,0.0,-1.0951957920204691,-2.5558010105875617,0.004116124658026908,0.002081194242482209,0.0025562284909685764,0.00784029602191244,0.0015059112116916394
3.3327646950418863,-6.88929455524387e-05,7.868745949178872e-16,0.7109297742256471,0.040806626564712706,0.0,0.001663542598517367,0.25075867232255056,0.0,0.0027381706624681965,0.053068512109224496,0.0,-1.5711395411705773,2.973364046914236,0.0028793847895212054,0.0015731582950026155,0.0026883705247795126,0.007841298315476534,0.0014507325682861793
3.4333625871728843,-6.889294555243868e-05,3.934372974589436e-16,0.7107241359774997,0.03995623334741983,0.0,0.001740106789745702,0.16928423402811427,0.0,0.002628214616430845,0.08015166846290944,0.0,-1.1096335130230521,-2.5029485427145612,0.0019287740070048948,0.0019262290775226931,0.0028373057565260667,0.00783903019996463,0.001130893272398879
3.5341833545010073,-6.88929455524387e-05,7.868745949178872e-16,0.7099669208694391,0.04032697226108607,0.0,0.0017593896857321688,0.1351798522521647,0.0,0.0026270961305783188,0.10813782577786135,0.0,1.1243642463715515,-1.106338605656747,0.001284882312230628,0.0016914905452200862,0.002522350310929568,0.007830678391155164,0.0011636606915107952
3.6349875127054903,-6.889294555243875e-05,1.3770305411063026e-15,0.7098422875945473,0.04087209166051036,0.0,0.0016249268171959388,0.26151116257301277,0.0,0.0027468012844251415,0.11793281105421272,0.0,1.573183007276537,-1.0194411135364732,0.002049169431553502,0.001692581022605397,0.0024934553573222455,0.007829303731204362,0.0004208477249631094
3.737544713074386,-6.889294555243869e-05,5.901559461884154e-16,0.7100466606879102,0.04022789655478119,0.0,0.0016182008538629365,0.26703110613726044,0.0,0.0026679075374707205,0.10049725815090656,0.0,0.33881332427489497,-2.102557003035061,0.003929646577965155,0.002042440838845205,0.0028993129830142267,0.007831557892516513,0.0017497541999352564
3.83759518387808,-6.88929455524387e-05,7.868745949178872e-16,0.7105324435163206,0.03999461029712026,0.0,0.001632624302329239,0.24561488319821884,0.0,0.0026331847840530367,0.12403669108856948,0.0,-0.6295946288639733,2.784166744233927,0.0037442909971681093,0.001807161912694484,0.002867449155288819,0.007836915901439758,0.0017316675856802431
3.938124854176285,-6.889294555243866e-05,1.967186487294718e-16,0.7105449496172611,0.04031568888297959,0.0,0.0016400281875905468,0.26597842097276436,0.0,0.0026473568038078562,0.15240475413094426,0.0,-1.5447038172303795,1.3911328477577376,0.0034088827402143466,0.0012126497529130016,0.0024988982592893194,0.007837053839210538,0.0016755826600393005
4.040015908505763,-6.889294555243869e-05,5.901559461884154e-16,0.711075451408466,0.04078653936610797,0.0,0.0017895696529891243,0.11873912447414635,0.0,0.002683566898595115,0.13689736505640016,0.0,-2.099822703597316,0.6844362746894372,0.0011268540323166746,0.001978184357779924,0.0023603363149543415,0.007842905082121644,0.0011268540323166746
4.140459091513159,-6.889294555243866e-05,1.967186487294718e-16,0.7105394015577183,0.03982642045388857,0.0,0.0018303439580948096,0.0875234236415676,0.0,0.0025404763390536856,0.08819372873774263,0.0,2.421811846238695,-2.3339101158761437,0.002743023813512881,0.0016701865015843454,0.0027500294232128196,0.00783699264612013,0.0008996188210541115
4.241654399592401,-6.889294555243866e-05,1.967186487294718e-16,0.7102567652422075,0.040447856342113384,0.0,0.003613183449142796,0.3664700431466172,0.0,0.0022041816248011947,0.03380694501110274,0.0,-1.9339929288818132,1.9812129177164435,0.006875146747747855,0.004863737772642657,0.002236693426154224,0.007833875269770096,0.0006754861647144778
