t,E,relE,a_sable,e_sable,i_sable,a_kakakiko,e_kakakiko,i_kakakiko,a_shudder,e_shudder,i_shudder,a_der,e_der,i_der,a_croquet,e_croquet,i_croquet,phi1,phi2,sep_sh_der,r_sh,r_der,hill_kak,minsep_shudder_der,minsep_sable_kakakiko
0.0,-0.00180981169054512,0.0,0.538,1.24145562321972e-16,0.0,0.7099999999999996,0.03959999999999974,0.0,0.0016801470588235473,0.2000000000000053,0.2094395102393193,0.002673796791443796,0.029999999999990503,0.2094395102393193,2.8000000000000003,1.614698600533846e-16,0.0,0.0,0.0,0.0012494652406416784,0.001344117647058829,0.0025935828877005074,0.00783104324200281,0.0012494652406416784,0.6150910802658279
0.1013687055822899,-0.0018098116905451206,3.594414307796652e-16,0.5379971873227329,8.839424357413154e-06,0.0,0.7099287087781823,0.04040011217410884,0.00011778400210705674,0.0016510739263463888,0.21844130751991303,0.21112195361828592,0.002736289008659109,0.0525971772013656,0.20707691653200444,2.7999966010218467,2.7847040967341637e-05,0.0,0.04403798202652709,-0.07258105299393058,0.003624044189408156,0.0017757306086173806,0.0028243511878185495,0.007830256925607277,0.0012494652406416784,0.6150910802658234
0.20316107014248294,-0.0018098116905451212,7.188828615593304e-16,0.5379997391467725,1.0641596784437216e-05,0.0,0.7099454035855682,0.040726422637375574,0.00010107618669129895,0.001658577176376712,0.2152443904086756,0.21838882289041342,0.002694499587429238,0.08867799729845285,0.22129227871360213,2.799872957740613,5.487054899112528e-05,0.0,-0.2551865577413519,-1.062023746807366,0.003362710218677955,0.0019842274729764357,0.0029188988354952763,0.007830441063295385,0.001302918632479703,0.8667748295358616
0.3037307863529079,-0.0018098116905451206,3.594414307796652e-16,0.5380031224382471,1.6645815408900768e-05,0.0,0.7104186231867395,0.03985072056414292,0.00016840287248182225,0.0016712579288342799,0.16463807470402964,0.21538884980077175,0.002644710704938536,0.10047429926445499,0.21239105489506996,2.7998216550642008,6.092054148454395e-05,0.0,0.029545560902979773,-1.6978948795878992,0.0017714817971892828,0.001458225192257115,0.002631876445618387,0.007835660504365436,0.001291241303578451,1.0911590059044505
0.4049109161210504,-0.0018098116905451219,1.0783242923389958e-15,0.5380003412272037,1.907859927424209e-05,0.0,0.71083250987872,0.04013344900657235,8.562112308915815e-05,0.0016769200124773906,0.18770119022464007,0.21263915037272718,0.00269297053345944,0.07574947815076624,0.2041751344577794,2.799896233886848,3.474106339871438e-05,0.0,0.36942880233482445,-1.8786009218030886,0.0032623661229533567,0.0017669545453238434,0.002495680000901467,0.007840225524903731,0.0013409891990982966,1.2239792614547933
0.5070333185850378,-0.0018098116905451201,1.1981381025988842e-16,0.5380049341184422,8.783203514264694e-06,0.0,0.7107549129469495,0.04065071992152018,9.89726399742948e-05,0.0016668469638281911,0.20043370052994694,0.2207308486797219,0.0026861226130713836,0.0797524920206542,0.21994600680963322,2.79995208886352,4.019568959201306e-05,0.0,0.5671233700785869,-1.685323767131683,0.004180962933499572,0.0019399656537232635,0.0028484908960064947,0.007839369658807755,0.0014579543269294898,1.1986980335120119
0.6076751108449359,-0.0018098116905451212,7.188828615593304e-16,0.5379983671449738,1.4307780756978479e-05,0.0,0.7105555637720868,0.04033308734049873,6.085936152316125e-05,0.0016540195869244223,0.2265864011117819,0.21997559588173254,0.0026550961253306296,0.10866800364656153,0.21058241031505742,2.799883059586333,5.789672813437014e-05,0.0,0.5733599940181788,-2.331998675727953,0.0016628266573087273,0.0013357145842852996,0.002880638284863225,0.007837170909499858,0.0014704297624179847,1.1198998088189225
0.7078186768609275,-0.001809811690545121,5.990690512994421e-16,0.537998402296658,1.695551495214216e-05,0.0,0.7100178418511368,0.0398900428358085,5.827919201520523e-05,0.0016722112759272145,0.24899737798036392,0.2136672504222105,0.002624184468431168,0.10479381855589859,0.2065436673643175,2.799788832135546,6.725742439410047e-05,0.0,0.30104181900128957,3.0978246448022313,0.0035213671221673293,0.0019415516807744168,0.002560864897446284,0.007831240031168685,0.001631702168020122,1.0080344635563032
0.8082334112846111,-0.00180981169054512,0.0,0.5379967784577793,1.404236807402415e-05,0.0,0.7099200516339802,0.04048425941852598,0.00012115980048482374,0.0016605273686822787,0.23089923029778656,0.2213025774774854,0.0027074243850618235,0.0934148750073547,0.2180192152783468,2.799825185138956,4.2958108994030724e-05,0.0,0.18727626869829184,2.4997341987732726,0.0035804557318592427,0.0018388714021487014,0.0024600134241935857,0.007830161440437421,0.0016566675840917666,0.8228290768492269
0.9088128982768763,-0.0018098116905451208,4.792552410395537e-16,0.5379948624540499,9.437457702316245e-06,0.0,0.7099177884539123,0.040825330656922725,9.24818658388799e-05,0.0016544267419117571,0.2571137034653221,0.22213972506916907,0.0027071511022130758,0.07973363377213652,0.21242967173265612,2.7999737748439135,4.2332347886174045e-05,0.0,-0.18577176392737993,1.7009440319681524,0.0015486153557029182,0.0012292153385549769,0.002768694292039204,0.007830136478379707,0.0015486153557029182,0.5543776407410008
1.0090364489981511,-0.00180981169054512,0.0,0.5380095727881267,1.9542567661451933e-05,0.0,0.7104374955394742,0.0399596072127694,0.00014721206113348757,0.001660197149831175,0.25924298907198395,0.2140198295542812,0.002613845543477415,0.10989587783084774,0.2063900451509644,2.800044282274463,7.956642846159134e-05,0.0,-0.7597817551789561,1.2653828423792035,0.004297343596747464,0.0019857198980422356,0.002870415057998572,0.007835868659591272,0.001460071320023555,0.26751252940066816
1.109834551078822,-0.0018098116905451201,1.1981381025988842e-16,0.5380068486881298,6.753499035985912e-05,0.0,0.7106531838273794,0.04010542318661162,9.721237880391787e-05,0.0016514913601731434,0.20929004785436311,0.21852305447277356,0.0026695714546122345,0.13025036888544536,0.2159501933335097,2.7999329712673844,7.794473303748015e-05,0.0,-1.1157322799641118,0.6655135986602287,0.0022553263776317924,0.0018163925284969157,0.002509283409276252,0.0078382476234073,0.001440007448530171,0.17621250976554784
1.2100697676110297,-0.0018098116905451204,2.3962762051977685e-16,0.5379920505730573,9.405533947063344e-05,0.0,0.7111305708354703,0.04126839867543067,0.00012576759168697043,0.0017378886497690148,0.1941699977182976,0.22572394897495282,0.0027059803664227066,0.12868346767888253,0.2153659212310725,2.799774231389845,6.831968393889218e-05,0.0,-0.22465415989667425,0.60028277159764,0.0013481491790456694,0.0014628816984895597,0.0024045255359943516,0.007843513029468608,0.0010275161228381648,0.2060155908751825
1.3105544169622172,-0.0018098116905451214,8.386966718192189e-16,0.5379867219706608,9.537689026056854e-05,0.0,0.7105327383131782,0.04034988630133203,3.9293166908200414e-05,0.0016857686896224497,0.2236363098882551,0.21901131286515874,0.002619192342418405,0.09296373204759945,0.20508673829026974,2.799767129032411,4.378447473157438e-05,0.0,0.8491148310756458,1.2289405963501272,0.002309893416298405,0.0020501905843762626,0.002779074912998788,0.00783691915294249,0.0011106148291293032,0.40386612894504614
1.4106790379012013,-0.0018098116905451204,2.3962762051977685e-16,0.5379857044949369,9.722735964992995e-05,0.0,0.7102729016163779,0.04023454909912066,9.691941599981214e-05,0.0016479151689055601,0.25808619030599306,0.22186023686449144,0.0026081332758702796,0.10479271989699067,0.21476830261043353,2.7999024263396906,4.524629204096211e-05,0.0,1.1411681750026972,1.0739497325488419,0.0041166430586507385,0.0012973104521447664,0.0028229716411356503,0.007834053248141782,0.0011008994439037387,0.6206547104539477
1.5117305112904522,-0.0018098116905451197,1.1981381025988842e-16,0.5379916265474199,0.00011067833016438376,0.0,0.7098725967913121,0.04079024911103917,0.00013226951846913206,0.0015991978324395046,0.34979389034010333,0.23079807892384802,0.00274694632184773,0.12052497990677469,0.21471083667831764,2.799985564235249,8.010822091306495e-05,0.0,-0.027596147026451856,-0.11114386521916408,0.0023327748811487552,0.0015874278249003535,0.0025121224701751066,0.007829638030683933,0.0010582321938346242,0.8513403904363147
1.6149416372847951,-0.0018098116905451201,1.1981381025988842e-16,0.537988695098879,0.00011467735826688937,0.0,0.7100774815977451,0.04074526642042854,0.00013470849426580378,0.0016694209453031233,0.28108384413566617,0.22285382197576262,0.0026628677583842813,0.1157804960655246,0.20212659332108754,2.799918834346299,7.251147887078211e-05,0.0,-1.271423483361815,-1.6465900444122967,0.003925345541630404,0.0020963390255417423,0.0024772435028259754,0.007831897836006196,0.0013363035282372125,1.073088682279241
1.7157606355862938,-0.0018098116905451208,4.792552410395537e-16,0.537993307150096,0.00010546248280180929,0.0,0.7102918400182641,0.04021562605328811,0.00013000152219621339,0.0017204443481622024,0.19258591009534612,0.22056884180117142,0.002585451256935721,0.10391945868005063,0.20907661262384944,2.7998381024356536,4.9217587114561313e-05,0.0,-0.8443975023231189,-1.6544891040951306,0.003674252546519258,0.0016436046921275605,0.0028073544871099394,0.007834262131865874,0.0012201086083822197,1.2242071925156077
1.8160931634237802,-0.0018098116905451195,2.3962762051977685e-16,0.5379902801581328,9.623499248255049e-05,0.0,0.710771309627945,0.040412021128053345,8.140994643074614e-05,0.0017179744736623545,0.21399562250452,0.23322454410977325,0.002671033722267665,0.06090976926987933,0.21479048530889466,2.799879112139175,5.165358289016688e-05,0.0,0.3592837080929683,-0.5905149559825036,0.0030481452190030314,0.0019163527029744927,0.0027095222375273726,0.007839550508269589,0.001119271390696587,1.2058483094840027
1.9165816863832388,-0.0018098116905451206,3.594414307796652e-16,0.5379890211343583,9.330663276884754e-05,0.0,0.7110182676166675,0.04120036162290878,8.222670707488856e-05,0.0017270105705778228,0.24699587527986136,0.23141419800858018,0.002704023537206708,0.09269017829965738,0.1993036562159855,2.7999702260042967,8.44697895915258e-05,0.0,1.3417223944657888,0.2513340775507573,0.0010752826386099365,0.001650567911160527,0.0024569984400659964,0.007842274365577539,0.0010752826386099365,1.111511037713379
2.0168630738242417,-0.0018098116905451208,4.792552410395537e-16,0.537988537367141,0.00010407278683026951,0.0,0.7103342727081104,0.04014022546381229,5.4062219889615595e-05,0.0016221425908782847,0.3059676012860891,0.23321495086084443,0.0026331154094496184,0.12027383611939473,0.2090183807663878,2.7999509004268393,8.582796703516527e-05,0.0,0.8785439383694023,-0.9850608435881192,0.003110987848303402,0.001248382985681425,0.002635756474266733,0.007834730149089903,0.00090699219846401,0.9954463599427332
2.1188409604222778,-0.0018098116905451201,1.1981381025988842e-16,0.5379831305668344,0.00011418226870120781,0.0,0.7102445535259049,0.04016192115839621,0.00011143641198172156,0.0016158582574828124,0.3581642643943209,0.24886998166407728,0.0026815284882365236,0.1019449211277182,0.21465352579229904,2.799818038171913,4.86940243463615e-05,0.0,-0.3666802087727845,-2.892602689808607,0.003364541310582824,0.002016929966273708,0.0029141200639406853,0.007833740578955412,0.0015265035405953094,0.8217862300449352
2.220309700973924,-0.0018098116905451204,2.3962762051977685e-16,0.5379873364309239,0.00011308154663068008,0.0,0.7100078881499263,0.040889784718126404,9.941814213889286e-05,0.0016376950697678026,0.3073270841772157,0.2474750100093637,0.0027249482262189195,0.07376373050851592,0.19909924267580928,2.7997510602531492,1.5986311669384964e-05,0.0,-1.5771123004467071,1.8606449881010558,0.004617177542261775,0.002079634580384519,0.002877715424351154,0.007831130245443902,0.0018282950058679738,0.567054665249568
2.3208230668475376,-0.0018098116905451204,2.3962762051977685e-16,0.5379928516579702,0.00012196893828128128,0.0,0.7100567682448002,0.04078678713576499,0.00013239941848287927,0.0017336274947890814,0.1728725108678076,0.24175170613691832,0.002624168428458953,0.05256027617260579,0.20242136285961418,2.7998590974722712,5.360338678794247e-05,0.0,-1.1864804259639996,2.433504432010311,0.0038238623446267416,0.0014390643026897679,0.002489049910770787,0.007831669375213804,0.0013506090674717146,0.2813769832686111
2.4225179568898962,-0.0018098116905451206,3.594414307796652e-16,0.5379981340531049,0.00016083956449032937,0.0,0.7104832742558809,0.04020377284414711,8.477692301497081e-05,0.0017418898226367158,0.18390702929705308,0.252737093885241,0.0026056932667891477,0.08489200185687373,0.2113168461528585,2.800017811636557,0.00010691087824067446,0.0,0.2722218965293379,-2.865809123061542,0.003822083470524529,0.0020621455915914503,0.0026574653748020678,0.007836373582278235,0.0013303995158955339,0.18690082684937034
2.5226853281041057,-0.001809811690545121,5.990690512994421e-16,0.5379817022883977,0.00019295057892516136,0.0,0.7109979912310974,0.040927404885149093,9.003531425342e-05,0.0017167913382564266,0.1918444527287984,0.2594195588308327,0.002733476970807957,0.08913209623705771,0.19693277490432476,2.8000249128351298,0.00010836567138613405,0.0,1.1197973513200115,-2.8341863343513936,0.0024659603324671303,0.001414587109472054,0.002959254775016022,0.007842050724377268,0.0013940761767265825,0.22002951464346748
2.623865465274963,-0.0018098116905451212,7.188828615593304e-16,0.5379766938597738,0.00020569387989423897,0.0,0.7109063634313078,0.04107850129087416,6.71094949769572e-05,0.0016899483662328448,0.27030436680617864,0.2557925500137714,0.002714180952355056,0.0767314048706161,0.19808433873834674,2.7998785731651945,5.786087947855689e-05,0.0,2.209611940587962,-2.647677446849964,0.001570204647690572,0.0021443428390705422,0.0028535460664108987,0.00784104010288104,0.0014928005924311528,0.428301500230536
2.7240842790672586,-0.001809811690545121,5.990690512994421e-16,0.5379803013800692,0.00020931666246024166,0.0,0.7104019232864365,0.04033459409653692,0.00012073114472310892,0.0015863370362384887,0.4283640326903251,0.2886426984483894,0.002638400786774081,0.01618549963715156,0.20521652624639591,2.799776610728423,2.4202738314508214e-05,0.0,1.8404584210488721,2.4210610932666086,0.0037694878749478865,0.0011412112751993627,0.002630732253268009,0.007835476310504295,0.0012868991469608244,0.6400481983701846
2.8241405411777096,-0.0018098116905451204,2.3962762051977685e-16,0.5379785111257638,0.00020671469874560924,0.0,0.7101443949391942,0.040368147187271136,0.00014207114611749014,0.0015532864145166316,0.4388897506090697,0.2971315027556073,0.0027482792737183403,0.04996121612172449,0.19426506511139047,2.79983639115899,5.237584978657537e-05,0.0,-0.3701139739880608,1.6570185128055899,0.002560964872228749,0.001288267297096135,0.0027397122092042946,0.007832635865964442,0.001539975927235529,0.8520812016068798
2.926284425048373,-0.001809811690545121,5.990690512994421e-16,0.5379845680894554,0.0001997937675646743,2.1073424255447017e-08,0.7100331944184333,0.04102460179703696,0.00011904775030377485,0.0017229957630299799,0.27813117630676004,0.28944838515346927,0.0026838949714471723,0.07213031249602934,0.1884429746137607,2.799942411390505,8.064227482309158e-05,0.0,-1.427630628013894,-0.19343981423496537,0.004507522841641085,0.002051272647431945,0.0028532202892690268,0.007831409364434001,0.0013935386455599917,1.0619418930698685
3.026742153404016,-0.0018098116905451206,3.594414307796652e-16,0.5379825032216368,0.0002013893772840182,0.0,0.7101215470681388,0.0407267768772476,0.00010882357813284402,0.0017828366979859283,0.2573604762511757,0.2989944184536426,0.0025753527513969776,0.09795956282115303,0.1997647414356817,2.799929980530039,6.936571917364505e-05,0.0,0.33188916319661743,0.44304410977896325,0.004013420706867841,0.0015582356463474019,0.0027782595268683367,0.007832383862209198,0.0012499508756770741,1.2198325360617137
3.1299889759317376,-0.0018098116905451214,8.386966718192189e-16,0.5379823910744089,0.00020401249453045947,0.0,0.7106300003719362,0.04031710239164132,6.169209049451526e-05,0.0017169094592030952,0.33026721617198707,0.3173086267533292,0.0026278688497032854,0.09461765405422452,0.1918289904047423,2.7998380716622915,4.247864330915123e-05,0.0,1.6335956986921296,1.343631811662247,0.004163863100121159,0.0021943726648660815,0.0024431406319793195,0.007837991918277616,0.0009276173193427361,1.2127317550231926
3.2299913961836806,-0.0018098116905451206,3.594414307796652e-16,0.5379822421869683,0.00020393155327832712,2.1073424255447017e-08,0.7110871865281969,0.04132114430900949,8.730456949443868e-05,0.0016090699664147517,0.36664940125837386,0.3157286531281935,0.0027918378816947226,0.0876650371889902,0.18163074077410055,2.7998393700301354,5.6144069438275405e-05,0.0,1.098465323846746,0.2837601091974875,0.0018898609243772164,0.0018168306527283121,0.002586586148574759,0.007843034516248494,0.0009767763133607063,1.1028823832647832
3.330208727368582,-0.0018098116905451212,7.188828615593304e-16,0.5379762113875102,0.00020206660470167484,0.0,0.7108559970242754,0.04104907452303037,7.897093595755159e-05,0.0015901984614330766,0.4146832742503005,0.3265151738717865,0.002742109333307938,0.06878260852216674,0.1951833208854976,2.7999528463199392,8.171675211554209e-05,0.0,-0.8016950922500605,-1.6204861521722052,0.0034277232643291967,0.0011562333135747987,0.0028599706390281987,0.007840484579625526,0.0017471030023132317,0.9749284598691204
3.431357614699018,-0.0018098116905451212,7.188828615593304e-16,0.5379793755826257,0.00019497211985142565,2.1073424255447017e-08,0.7106538054751808,0.040289855236699285,0.00010295081571957358,0.0016956458966269012,0.36136456144293116,0.3421597664689893,0.002638442387295454,0.10317867921564401,0.18644367609455467,2.8000157551412577,8.559152191560916e-05,0.0,-1.9947553217081442,-2.8494873070179896,0.0013204891133891793,0.0018058519960096819,0.0028721488049519442,0.007838254479957741,0.0011445119669157384,0.8092839843951213
3.532045221791184,-0.0018098116905451204,2.3962762051977685e-16,0.5379752191120231,0.00019612559054637735,0.0,0.7100103325608119,0.04082566935105157,0.0001099778978452355,0.0017479280632751758,0.25674117485456655,0.32661336174683625,0.002595509025723182,0.1274707627525449,0.1810084575748398,2.7999157812511197,4.4376444288633095e-05,0.0,-0.9789391309212556,-2.246573280319787,0.0036239633802346073,0.0018891086240845742,0.0024290854868080254,0.007831157206411995,0.0013204891133891765,0.5730879396746347
3.6335997438550804,-0.0018098116905451204,2.3962762051977685e-16,0.537985822242853,0.00021615270353432897,2.1073424255447017e-08,0.7100779903762018,0.04101358283869145,0.00015581342411469495,0.0017343152752292087,0.2670681323134989,0.33189179419983483,0.002635929076257419,0.11656425993373608,0.19065719739091933,2.7997633722358746,4.4717972647674485e-05,0.0,1.1036861394610966,-0.6319227455114635,0.002194729693210177,0.0019180773416917472,0.0025244926374941765,0.007831903447648583,0.001255385900330082,0.291734651364011
3.734723038708576,-0.0018098116905451204,2.3962762051977685e-16,0.5379897111485545,0.00025590257909261004,0.0,0.710383094418137,0.0404786643056402,7.355337392550043e-05,0.001565640018943392,0.42573058119394125,0.38491496374061607,0.0026574475993094275,0.13083632334771622,0.18254062371381194,2.7997584946358436,7.047824283879767e-05,0.0,1.4245028846776684,-0.29182624090181974,0.004490565479829567,0.0019051161147841391,0.0030026741114877577,0.007835268634896054,0.0009085757890461601,0.1952430163559887
3.8349473759103905,-0.0018098116905451212,7.188828615593304e-16,0.5379727907251621,0.0002773191346717589,2.1073424255447017e-08,0.7108114789456104,0.04061922599901713,6.54231439270692e-05,0.0015605600592478311,0.39440200920130847,0.376188774664998,0.0026850300522440057,0.13870700647095802,0.17472330393180138,2.7999092883451993,7.406553706491105e-05,0.0,-1.2024659172074053,-2.9057082427420258,0.0036273526364030448,0.001355585255597277,0.002840305947590839,0.007839993561316967,0.0016788720733713722,0.22856598646833048
3.935449695794591,-0.0018098116905451219,1.0783242923389958e-15,0.5379749418511729,0.000272761453690689,2.1073424255447017e-08,0.7108075175677565,0.04102041908316549,8.874045855356787e-05,0.001608671450678542,0.298970653209205,0.36214347731917,0.0027049293744724023,0.1728475819239197,0.18204241600755136,2.8000239512913767,7.271631820018197e-05,0.0,-2.9353159806280242,1.2547874602945521,0.003037435527554193,0.0012002596130869523,0.002357838939446113,0.007839949868751797,0.0016902958624987268,0.4493907176338551
4.036216886647796,-0.0018098116905451204,2.3962762051977685e-16,0.5379706644144856,0.0002680603826543087,2.1073424255447017e-08,0.7107104044639393,0.040796702452778465,0.00010091900724876324,0.0019021589300172873,0.08515249725039908,0.38102636408611523,0.0024980769133268097,0.11072418964769513,0.17016458580695118,2.7999665351620364,4.0157984239871864e-05,0.0,-0.7178811471103952,-1.6605629360949337,0.004310397028538097,0.001743493235271445,0.0026211201316078568,0.0078388787463358,0.0007705116926462328,0.6608924922174876
4.1365048228942465,-0.0018098116905451204,2.3962762051977685e-16,0.5379760282652826,0.000277053078105705,0.0,0.7102992915447758,0.04046284680869367,0.00011202102023262467,0.0015492302627373874,0.42756160695188017,0.39923144372598374,0.0027038167719736187,0.11734061089805677,0.15656780957888233,2.799839797143395,4.409081974784113e-05,0.0,1.5544583924789137,-0.24802749522907241,0.0047231844759174895,0.002185993828873759,0.0030058465245200203,0.007834344319508595,0.0004312635275742217,0.8571255376698239
4.237537633483447,-0.0018098116905451208,4.792552410395537e-16,0.5379769716662309,0.00028390032637319997,2.1073424255447017e-08,0.7100362533156994,0.04104144973959907,0.00010273434385313281,0.0015407543571063626,0.3950456222692278,0.3933202960700684,0.002743949250962529,0.11867391626505809,0.162186758908303,2.799825568344563,6.101580553200892e-05,0.0,-1.6940223431376609,2.795117107122074,0.004650448718019476,0.002090843146460443,0.0027190635099303443,0.007831443102964656,0.0017389605495097614,1.0525403085191447
4.338589317410695,-0.00180981169054512,0.0,0.5379764565240698,0.00028542919471365814,0.0,0.7097517043367785,0.04151285291216095,0.00017670272344748583,0.0016556288232384853,0.3043880039449837,0.39957625894870225,0.002764598014045164,0.14327174430448142,0.16408733129661193,2.799917051973991,4.92333888984955e-05,0.0,2.5863405596384883,0.848333705450683,0.0008295777904203232,0.0015989630434385545,0.0023732656202052884,0.007828304630628884,0.0008295777904203232,1.2114281213163072
4.4398492039067765,-0.0018098116905451201,1.1981381025988842e-16,0.5379798773037423,0.0002746926503871103,0.0,0.7108771977809422,0.04049225634481553,7.450121628745324e-05,0.0036517603290210044,0.1268112831198818,0.12147993021855688,0.0022362807559579705,0.09732335731416351,0.226733646459508,2.7999446965173354,3.0690171099358497e-05,0.0,-0.5021572851396918,2.3706993417176143,0.005667792645483396,0.0038160595790540887,0.0022262077956073712,0.00784071841630471,0.0005550616942384041,1.2252858681926102
