t,E,relE,a_sable,e_sable,i_sable,a_kakakiko,e_kakakiko,i_kakakiko,a_shudder,e_shudder,i_shudder,a_der,e_der,i_der,a_croquet,e_croquet,i_croquet,minsep_shudder_der,minsep_sable_kakakiko,tp_tadpole,tp_horseshoe,tp_lost,tp_amp_med_deg,min_perturber
0.0,-0.0018098109626727545,0.0,0.538,1.24145562321972e-16,0.0,0.7099999999999996,0.03959999999999974,0.0,0.0016801470588235455,0.2000000000000044,0.0,0.0026737967914437955,0.029999999999990357,0.0,2.8000000000000003,1.614698600533846e-16,0.0,0.0012494652406416784,0.6150910802658279,50,0,0,0.0,0.0021753276479489114
0.2508853517548591,-0.0018098109626727547,1.1981385844677825e-16,0.5380025459798938,1.409531644225062e-05,0.0,0.7104052662183294,0.04015125521673748,0.0,0.0016779051440214718,0.17243148281782908,0.0,0.0026234430582050302,0.1305517323584329,0.0,2.799830682225117,6.297002805724608e-05,0.0,0.0012494652406416784,0.6150910802658234,50,0,0,2.3389118302500362,0.0012370127559427396
0.5017516160986534,-0.0018098109626727547,1.1981385844677825e-16,0.5380048552795922,9.309420451306799e-06,0.0,0.7107346430949886,0.040578362392497326,0.0,0.0016850498175763023,0.1989528165599698,0.0,0.0027140965392047777,0.06540300975203994,0.0,2.7999522542470476,3.9174009001862455e-05,0.0,0.0011530065866418673,1.1678414697027901,39,8,3,12.598953175247837,0.0005764372001989662
0.751768889988017,-0.0018098109626727558,7.188831506806695e-16,0.5379987501928818,1.6660464440630404e-05,0.0,0.7105468751859709,0.04047412250575288,0.0,0.0016572384506299814,0.255292172095433,0.0,0.0026626197347700263,0.09577128393409884,0.0,2.79978402770397,6.151495009725966e-05,0.0,0.001604443301196245,0.9378657398498019,9,7,34,40.13030166855353,0.00042472535562298336
1.0018278571694443,-0.0018098109626727553,4.79255433787113e-16,0.5380082788324292,1.6773114584616017e-05,0.0,0.7102103258986774,0.04018042274253121,0.0,0.0016644901300789767,0.2514859462916611,0.0,0.0026583616553013858,0.09544397402168851,0.0,2.800045372210492,7.821307128248392e-05,0.0,0.003165060378431931,0.28539261621358614,4,5,41,58.12988146292997,0.00042472535562298336
1.2518557919183277,-0.0018098109626727547,1.1981385844677825e-16,0.5379900863020866,9.568215983600119e-05,0.0,0.7100182715837882,0.039886187531888266,0.0,0.0017207359372558996,0.20332744466581718,0.0,0.0027038984324669214,0.051149798200849014,0.0,2.7997467707523005,6.162129656273591e-05,0.0,0.0017338521356220942,0.17621059848730708,3,4,43,93.51551920980668,9.72462738862401e-05
1.501931354776142,-0.0018098109626727547,1.1981385844677825e-16,0.5379917547755512,0.0001097702241274461,0.0,0.7103634316556554,0.040217798182797394,0.0,0.0016173713158755718,0.3325417019063195,0.0,0.0026568904010763218,0.11283209464270041,0.0,2.7999843577636803,7.847278215610634e-05,0.0,0.001401785167364142,0.49294686544363175,1,3,46,106.90485799966066,9.72462738862401e-05
1.7520505908560353,-0.0018098109626727553,4.79255433787113e-16,0.5379933363664116,0.00010256053072059351,0.0,0.7107791768450098,0.04064057692333097,0.0,0.0017278110541332618,0.1780573743280976,0.0,0.0026590736135739187,0.05173976947952597,0.0,2.7998378499878767,4.460541950224052e-05,0.0,0.0016153181307315579,1.053854801039687,0,4,46,119.15380150615724,9.72462738862401e-05
2.002155812159645,-0.0018098109626727551,3.5944157534033475e-16,0.5379897565007885,0.00010183513892205691,0.0,0.7110600642485972,0.04102055620841563,0.0,0.0015974863650658742,0.3102418069383614,0.0,0.0027676983933745095,0.16138872237371032,0.0,2.799963263254434,8.866359687097306e-05,0.0,0.0009687520243978273,1.014672232870026,0,2,48,146.1196476369721,9.72462738862401e-05
2.252382988688183,-0.0018098109626727553,4.79255433787113e-16,0.537988305193629,0.00011369425159786564,0.0,0.7103172969879128,0.04058639087132822,0.0,0.0016880273143783933,0.26672713906371454,0.0,0.002620801128379748,0.082906340143472,0.0,2.7997680359169315,1.962157797087999e-05,0.0,0.0010938866826237402,0.47394521685385227,0,3,47,164.35469811779006,9.72462738862401e-05
2.5024548727077582,-0.0018098109626727547,1.1981385844677825e-16,0.5379849007728071,0.00018697044167222267,0.0,0.7104757765763235,0.04041138344330932,0.0,0.0015999601542711797,0.3410581902943773,0.0,0.002626374797116878,0.1573008507768544,0.0,2.8000395107400022,0.00011335363279081296,0.0,0.001521541605587758,0.19008146073188736,0,2,48,169.87958641984034,9.72462738862401e-05
2.7524901458826063,-0.0018098109626727545,0.0,0.5379800642632023,0.00020890896221158087,0.0,0.7097800908678177,0.04037683013422718,0.0,0.0016881004711330107,0.23586817428604095,0.0,0.0027174043157978103,0.07890722023607426,0.0,2.7997783301498913,2.900332303664064e-05,0.0,0.0018042484943639706,0.38444127706244424,0,1,49,174.90624882219234,9.72462738862401e-05
3.0030742497450893,-0.001809810962672756,8.386970091274478e-16,0.5379841168096903,0.00019977366421294502,0.0,0.7099422121034309,0.041211128137744274,0.0,0.0017161542617170854,0.24771255010396784,0.0,0.0026938287132124298,0.05332096674453669,0.0,2.7999451105959854,7.5679192644871e-05,0.0,0.0009268852842226873,0.9136580754056804,0,0,50,nan,9.72462738862401e-05
3.2532088928697047,-0.0018098109626727545,0.0,0.5379808046728235,0.00020294330887784848,0.0,0.7107961482257003,0.04104458132661273,0.0,0.0016291175328945594,0.26965870624223015,0.0,0.00265571201594602,0.08684603805222917,0.0,2.7998597989733303,6.198725016590702e-05,0.0,0.0011059575219479832,1.0744338409874024,0,0,50,nan,9.72462738862401e-05
3.503721776749596,-0.0018098109626727551,3.5944157534033475e-16,0.5379763419263408,0.00019502995479695026,0.0,0.7108828703852869,0.04033252452644804,0.0,0.0017497992712368967,0.1352776154981502,0.0,0.0026804002940965664,0.05143090694997097,0.0,2.79995783053678,5.8788350298867475e-05,0.0,0.0014813971153415865,0.6467946284756428,0,0,50,nan,9.72462738862401e-05
3.7541656013746474,-0.0018098109626727556,5.990692922338913e-16,0.5379846715146285,0.00026108028911168946,0.0,0.7107871904952728,0.04011841510923933,0.0,0.001617895383187867,0.2676800448319549,0.0,0.002706717175266742,0.09675037522274418,0.0,2.7997798943228314,7.160901105251964e-05,0.0,0.0014026583870216586,0.2025785342513218,0,0,50,nan,9.72462738862401e-05
4.004224309070749,-0.001809810962672756,8.386970091274478e-16,0.5379714445068197,0.00026834209948191617,0.0,0.7101775288136991,0.0403649638903044,0.0,0.0016860949123795428,0.1997115722490321,0.0,0.0026875754141830323,0.0956597801667985,0.0,2.80000175180176,5.274096226730068e-05,0.0,0.0013641466132029785,0.2653567602597287,0,0,50,nan,9.72462738862401e-05
4.254304441481779,-0.001809810962672755,2.396277168935565e-16,0.5379764168420528,0.000284893551632793,0.0,0.710010208660124,0.041199991454107354,0.0,0.0014289792334671076,0.41994989544965516,0.0,0.0028937632710125706,0.1709587646670049,0.0,2.799837321124266,6.031775382322404e-05,0.0,0.001131343886503297,0.7948938920958949,0,0,50,nan,9.72462738862401e-05
4.506968559563494,-0.0018098109626727551,3.5944157534033475e-16,0.5379745584527739,0.0002641903184940932,0.0,0.7099617651385736,0.04051468739133796,0.0,0.0038409970216904277,0.5013936480486635,0.0,0.0022562870368598325,0.04341478541209156,0.0,2.7998897489629035,3.436150459581596e-05,0.0,0.0018218927127441262,1.1480389688665464,0,0,50,nan,9.72462738862401e-05
